[
    {
        "timestamp": "2025-02-12 12:51:18",
        "temperatura": 0.0,
        "umidita": 0.0
    },
    {
        "timestamp": "2025-02-12 12:51:28",
        "temperatura": 21.0,
        "umidita": 17.0
    },
    {
        "timestamp": "2025-02-12 12:51:38",
        "temperatura": 21.0,
        "umidita": 17.0
    },
    {
        "timestamp": "2025-02-12 12:51:48",
        "temperatura": 21.0,
        "umidita": 17.0
    },
    {
        "timestamp": "2025-02-12 12:51:58",
        "temperatura": 21.0,
        "umidita": 17.0
    },
    {
        "timestamp": "2025-02-12 12:52:08",
        "temperatura": 21.0,
        "umidita": 17.0
    },
    {
        "timestamp": "2025-02-12 12:52:18",
        "temperatura": 21.0,
        "umidita": 17.0
    },
    {
        "timestamp": "2025-02-12 12:52:28",
        "temperatura": 21.0,
        "umidita": 17.0
    },
    {
        "timestamp": "2025-02-12 12:52:38",
        "temperatura": 21.0,
        "umidita": 17.0
    },
    {
        "timestamp": "2025-02-12 12:52:48",
        "temperatura": 22.0,
        "umidita": 54.0
    },
    {
        "timestamp": "2025-02-12 12:52:58",
        "temperatura": 22.0,
        "umidita": 48.0
    },
    {
        "timestamp": "2025-02-12 12:53:08",
        "temperatura": 22.0,
        "umidita": 31.0
    },
    {
        "timestamp": "2025-02-12 12:53:18",
        "temperatura": 22.0,
        "umidita": 18.0
    },
    {
        "timestamp": "2025-02-12 12:53:28",
        "temperatura": 22.0,
        "umidita": 17.0
    },
    {
        "timestamp": "2025-02-12 12:53:38",
        "temperatura": 22.0,
        "umidita": 17.0
    },
    {
        "timestamp": "2025-02-12 12:53:48",
        "temperatura": 22.0,
        "umidita": 17.0
    },
    {
        "timestamp": "2025-02-12 12:53:58",
        "temperatura": 21.0,
        "umidita": 17.0
    },
    {
        "timestamp": "2025-02-12 12:54:08",
        "temperatura": 21.0,
        "umidita": 17.0
    },
    {
        "timestamp": "2025-02-12 12:54:18",
        "temperatura": 21.0,
        "umidita": 17.0
    },
    {
        "timestamp": "2025-02-12 12:54:28",
        "temperatura": 21.0,
        "umidita": 17.0
    },
    {
        "timestamp": "2025-02-12 12:54:38",
        "temperatura": 21.0,
        "umidita": 17.0
    },
    {
        "timestamp": "2025-02-12 12:54:48",
        "temperatura": 21.0,
        "umidita": 17.0
    },
    {
        "timestamp": "2025-02-12 12:54:58",
        "temperatura": 21.0,
        "umidita": 17.0
    },
    {
        "timestamp": "2025-02-12 12:55:08",
        "temperatura": 21.0,
        "umidita": 17.0
    },
    {
        "timestamp": "2025-02-12 12:55:19",
        "temperatura": 21.0,
        "umidita": 17.0
    },
    {
        "timestamp": "2025-02-12 12:55:29",
        "temperatura": 21.0,
        "umidita": 17.0
    },
    {
        "timestamp": "2025-02-12 12:55:39",
        "temperatura": 21.0,
        "umidita": 17.0
    },
    {
        "timestamp": "2025-02-12 12:55:49",
        "temperatura": 21.0,
        "umidita": 17.0
    },
    {
        "timestamp": "2025-02-12 12:55:59",
        "temperatura": 21.0,
        "umidita": 17.0
    },
    {
        "timestamp": "2025-02-12 12:56:09",
        "temperatura": 21.0,
        "umidita": 18.0
    },
    {
        "timestamp": "2025-02-12 12:56:19",
        "temperatura": 22.0,
        "umidita": 17.0
    },
    {
        "timestamp": "2025-02-12 12:56:29",
        "temperatura": 22.0,
        "umidita": 17.0
    },
    {
        "timestamp": "2025-02-12 12:56:39",
        "temperatura": 22.0,
        "umidita": 17.0
    },
    {
        "timestamp": "2025-02-12 12:56:49",
        "temperatura": 22.0,
        "umidita": 17.0
    },
    {
        "timestamp": "2025-02-12 12:56:59",
        "temperatura": 22.0,
        "umidita": 17.0
    },
    {
        "timestamp": "2025-02-12 12:57:09",
        "temperatura": 22.0,
        "umidita": 17.0
    },
    {
        "timestamp": "2025-02-12 12:57:19",
        "temperatura": 22.0,
        "umidita": 17.0
    },
    {
        "timestamp": "2025-02-12 12:57:29",
        "temperatura": 22.0,
        "umidita": 17.0
    },
    {
        "timestamp": "2025-02-12 12:57:39",
        "temperatura": 22.0,
        "umidita": 17.0
    },
    {
        "timestamp": "2025-02-12 12:57:49",
        "temperatura": 22.0,
        "umidita": 17.0
    },
    {
        "timestamp": "2025-02-12 12:57:59",
        "temperatura": 22.0,
        "umidita": 17.0
    },
    {
        "timestamp": "2025-02-12 12:58:09",
        "temperatura": 22.0,
        "umidita": 17.0
    },
    {
        "timestamp": "2025-02-12 12:58:19",
        "temperatura": 22.0,
        "umidita": 17.0
    },
    {
        "timestamp": "2025-02-12 12:58:29",
        "temperatura": 21.0,
        "umidita": 17.0
    },
    {
        "timestamp": "2025-02-12 12:58:39",
        "temperatura": 22.0,
        "umidita": 17.0
    },
    {
        "timestamp": "2025-02-12 12:58:49",
        "temperatura": 21.0,
        "umidita": 17.0
    },
    {
        "timestamp": "2025-02-12 12:58:59",
        "temperatura": 21.0,
        "umidita": 17.0
    },
    {
        "timestamp": "2025-02-12 12:59:09",
        "temperatura": 21.0,
        "umidita": 17.0
    },
    {
        "timestamp": "2025-02-12 12:59:19",
        "temperatura": 21.0,
        "umidita": 17.0
    },
    {
        "timestamp": "2025-02-12 12:59:29",
        "temperatura": 21.0,
        "umidita": 17.0
    },
    {
        "timestamp": "2025-02-12 12:59:39",
        "temperatura": 21.0,
        "umidita": 17.0
    }
]